join_name,draft_season,pick,round,w_av,dr_av,games,seasons_started,probowls,allpro,proxy_hit,proxy_hit_flat,proxy_hit_era_scaled,label_maturity
marc wilson,1980,15,1,36.0,33.0,126.0,5,0,0,1,1,1,mature
mark malone,1980,28,1,27.0,25.0,73.0,5,0,0,0,0,0,mature
gene bradley,1980,37,2,,,,0,0,0,0,0,0,mature
eric hipple,1980,85,4,38.0,38.0,102.0,4,0,0,1,1,1,mature
rusty lisch,1980,89,4,2.0,0.0,30.0,0,0,0,0,0,0,mature
ed luther,1980,101,4,7.0,7.0,61.0,0,0,0,0,0,0,mature
paul mcdonald,1980,109,4,16.0,16.0,85.0,1,0,0,0,0,0,mature
gary hogeboom,1980,133,5,22.0,7.0,79.0,2,0,0,0,0,0,mature
scott brunner,1980,145,6,17.0,16.0,73.0,2,0,0,0,0,0,mature
craig bradshaw,1980,182,7,0.0,0.0,2.0,0,0,0,0,0,0,mature
todd krueger,1980,202,8,,,,0,0,0,0,0,0,mature
david woodley,1980,214,8,34.0,26.0,58.0,3,0,0,1,1,1,mature
dan hartwig,1980,237,9,,,,0,0,0,0,0,0,mature
turk schonert,1980,242,9,12.0,,72.0,0,0,0,0,0,0,mature
mike wright,1980,308,12,,,,0,0,0,0,0,0,mature
jimmy jordan,1980,320,12,,,,0,0,0,0,0,0,mature
kevin scanlon,1980,332,12,,,,0,0,0,0,0,0,mature
rich campbell,1981,6,1,2.0,2.0,7.0,0,0,0,0,0,0,mature
neil lomax,1981,33,2,70.0,70.0,108.0,7,2,0,1,1,1,mature
tom flick,1981,90,4,1.0,0.0,21.0,0,0,0,0,0,0,mature
brad wright,1981,96,4,,,,0,0,0,0,0,0,mature
mark herrmann,1981,98,4,11.0,2.0,40.0,0,0,0,0,0,0,mature
mark reed,1981,207,8,0.0,,1.0,0,0,0,0,0,0,mature
wade wilson,1981,210,8,49.0,33.0,125.0,4,1,0,1,1,1,mature
mike ford,1981,228,9,,,,0,0,0,0,0,0,mature
nickie hall,1981,255,10,,,,0,0,0,0,0,0,mature
phil kessel,1981,257,10,,,,0,0,0,0,0,0,mature
tim clifford,1981,260,10,,,,0,0,0,0,0,0,mature
rick trocano,1981,292,11,0.0,,8.0,0,0,0,0,0,0,mature
brian buckley,1981,295,11,,,,0,0,0,0,0,0,mature
mark oconnell,1981,312,12,,,,0,0,0,0,0,0,mature
bob gagliano,1981,319,12,13.0,0.0,32.0,0,0,0,0,0,0,mature
joe adams,1981,322,12,,,,0,0,0,0,0,0,mature
art schlichter,1982,4,1,4.0,4.0,13.0,0,0,0,0,0,0,mature
jim mcmahon,1982,5,1,57.0,42.0,119.0,9,1,0,1,1,1,mature
oliver luck,1982,44,2,6.0,6.0,20.0,0,0,0,0,0,0,mature
matt kofler,1982,48,2,4.0,3.0,41.0,0,0,0,0,0,0,mature
mike pagel,1982,84,4,29.0,26.0,132.0,4,0,0,0,0,0,mature
mike kelley,1982,149,6,1.0,,3.0,0,0,0,0,0,0,mature
mike machurek,1982,154,6,1.0,1.0,4.0,0,0,0,0,0,0,mature
luc tousignant,1982,218,8,,,,0,0,0,0,0,0,mature
bob lane,1982,242,9,,,,0,0,0,0,0,0,mature
bryan clark,1982,251,9,0.0,,1.0,0,0,0,0,0,0,mature
ron reeves,1982,261,10,,,,0,0,0,0,0,0,mature
steve michuta,1982,282,11,,,,0,0,0,0,0,0,mature
bob holly,1982,291,11,1.0,0.0,10.0,0,0,0,0,0,0,mature
steve sandon,1982,296,11,,,,0,0,0,0,0,0,mature
dan feraday,1982,333,12,,,,0,0,0,0,0,0,mature
john elway,1983,1,1,140.0,,234.0,16,9,0,1,1,1,mature
todd blackledge,1983,7,1,12.0,9.0,46.0,0,0,0,0,0,0,mature
jim kelly,1983,14,1,103.0,103.0,160.0,11,5,1,1,1,1,mature
tony eason,1983,15,1,36.0,34.0,90.0,3,0,0,1,1,1,mature
ken obrien,1983,24,1,73.0,72.0,129.0,7,2,0,1,1,1,mature
dan marino,1983,27,1,145.0,145.0,242.0,16,9,3,1,1,1,mature
jeff christensen,1983,137,5,2.0,0.0,4.0,0,0,0,0,0,0,mature
reggie collier,1983,162,6,1.0,1.0,6.0,0,0,0,0,0,0,mature
babe laufenberg,1983,168,6,4.0,,16.0,0,0,0,0,0,0,mature
gary kubiak,1983,197,8,7.0,7.0,119.0,0,0,0,0,0,0,mature
tom ramsey,1983,267,10,5.0,4.0,28.0,0,0,0,0,0,0,mature
bruce mathison,1983,272,10,6.0,0.0,18.0,0,0,0,0,0,0,mature
jim bob taylor,1983,280,11,0.0,0.0,8.0,0,0,0,0,0,0,mature
clete casper,1983,311,12,,,,0,0,0,0,0,0,mature
david mangrum,1983,312,12,,,,0,0,0,0,0,0,mature
scott lindquist,1983,333,12,,,,0,0,0,0,0,0,mature
boomer esiason,1984,38,2,106.0,88.0,187.0,12,4,1,1,1,1,mature
jeff hostetler,1984,59,3,56.0,19.0,152.0,6,1,0,1,1,1,mature
rick mcivor,1984,80,3,0.0,0.0,6.0,0,0,0,0,0,0,mature
jay schroeder,1984,83,3,61.0,24.0,118.0,8,1,0,1,1,1,mature
steve pelluer,1984,113,5,24.0,22.0,65.0,2,0,0,0,0,0,mature
dean may,1984,138,5,0.0,,5.0,0,0,0,0,0,0,mature
ben bennett,1984,148,6,0.0,,1.0,0,0,0,0,0,0,mature
randy wright,1984,153,6,14.0,14.0,46.0,2,0,0,0,0,0,mature
terry nugent,1984,158,6,0.0,,1.0,0,0,0,0,0,0,mature
john witkowski,1984,160,6,1.0,1.0,5.0,0,0,0,0,0,0,mature
scott campbell,1984,191,7,8.0,2.0,45.0,1,0,0,0,0,0,mature
mark casale,1984,244,9,,,,0,0,0,0,0,0,mature
blair kiel,1984,281,11,4.0,0.0,25.0,0,0,0,0,0,0,mature
kyle mackey,1984,296,11,3.0,,7.0,0,0,0,0,0,0,mature
randy essington,1984,336,12,,,,0,0,0,0,0,0,mature
randall cunningham,1985,37,2,110.0,85.0,161.0,7,4,1,1,1,1,mature
frank reich,1985,57,3,15.0,8.0,118.0,1,0,0,0,0,0,mature
steve bono,1985,142,6,32.0,0.0,88.0,2,1,0,1,1,1,mature
rusty hilger,1985,143,6,5.0,3.0,23.0,1,0,0,0,0,0,mature
scott barry,1985,168,6,,,,0,0,0,0,0,0,mature
steve calabria,1985,232,9,,,,0,0,0,0,0,0,mature
paul berner,1985,234,9,,,,0,0,0,0,0,0,mature
buddy funck,1985,269,10,,,,0,0,0,0,0,0,mature
john conner,1985,277,10,,,,0,0,0,0,0,0,mature
doug flutie,1985,285,11,53.0,,92.0,4,1,0,1,1,1,mature
joe shield,1985,294,11,0.0,0.0,3.0,0,0,0,0,0,0,mature
jim everett,1986,3,1,87.0,,158.0,10,1,0,1,1,1,mature
chuck long,1986,12,1,11.0,11.0,27.0,1,0,0,0,0,0,mature
jack trudeau,1986,47,2,23.0,21.0,67.0,3,0,0,0,0,0,mature
bubby brister,1986,67,3,39.0,31.0,99.0,4,0,0,1,1,1,mature
hugh millen,1986,71,3,15.0,0.0,40.0,2,0,0,0,0,0,mature
robbie bosco,1986,72,3,,,,0,0,0,0,0,0,mature
doug gaynor,1986,99,4,0.0,0.0,1.0,0,0,0,0,0,0,mature
mark rypien,1986,146,6,54.0,50.0,104.0,5,2,0,1,1,1,mature
stan gelbaugh,1986,150,6,2.0,,20.0,1,0,0,0,0,0,mature
mike norseth,1986,174,7,0.0,,1.0,0,0,0,0,0,0,mature
jeff wickersham,1986,274,10,,,,0,0,0,0,0,0,mature
chris hegg,1986,280,11,,,,0,0,0,0,0,0,mature
david norrie,1986,291,11,1.0,,2.0,0,0,0,0,0,0,mature
kent austin,1986,312,12,0.0,0.0,16.0,0,0,0,0,0,0,mature
brian mcclure,1986,313,12,1.0,1.0,1.0,0,0,0,0,0,0,mature
steve bradley,1986,316,12,0.0,,1.0,0,0,0,0,0,0,mature
vinny testaverde,1987,1,1,97.0,26.0,233.0,15,2,0,1,1,1,mature
kelly stouffer,1987,6,1,2.0,,22.0,0,0,0,0,0,0,mature
chris miller,1987,13,1,51.0,41.0,98.0,7,1,0,1,1,1,mature
jim harbaugh,1987,26,1,79.0,40.0,177.0,10,1,0,1,1,1,mature
cody carlson,1987,64,3,14.0,14.0,45.0,0,0,0,0,0,0,mature
mark vlasic,1987,88,4,3.0,2.0,15.0,0,0,0,0,0,0,mature
rich gannon,1987,98,4,97.0,,157.0,8,4,2,1,1,1,mature
steve beuerlein,1987,110,4,69.0,9.0,147.0,4,1,0,1,1,1,mature
kevin sweeney,1987,180,7,2.0,2.0,6.0,0,0,0,0,0,0,mature
doug hudson,1987,186,7,0.0,0.0,1.0,0,0,0,0,0,0,mature
sammy garza,1987,216,8,1.0,,2.0,0,0,0,0,0,0,mature
ken lambiotte,1987,232,9,,,,0,0,0,0,0,0,mature
don majkowski,1987,255,10,39.0,35.0,90.0,4,1,0,1,1,1,mature
john paye,1987,275,10,,,,0,0,0,0,0,0,mature
brent pease,1987,295,11,2.0,,20.0,0,0,0,0,0,0,mature
dave walter,1987,307,11,1.0,,3.0,0,0,0,0,0,0,mature
mike shula,1987,313,12,,,,0,0,0,0,0,0,mature
jim karsatos,1987,322,12,,,,0,0,0,0,0,0,mature
bill ransdell,1987,327,12,,,,0,0,0,0,0,0,mature
tom tupa,1988,68,3,29.0,8.0,220.0,1,1,1,0,0,0,mature
chris chandler,1988,76,3,77.0,7.0,180.0,9,2,0,1,1,1,mature
don mcpherson,1988,149,6,,,,0,0,0,0,0,0,mature
scott secules,1988,151,6,5.0,,57.0,0,0,0,0,0,0,mature
stan humphries,1988,159,6,50.0,1.0,88.0,6,0,0,1,1,1,mature
mike perez,1988,175,7,,,,0,0,0,0,0,0,mature
kerwin bell,1988,180,7,0.0,,1.0,0,0,0,0,0,0,mature
bud keyes,1988,256,10,,,,0,0,0,0,0,0,mature
todd santos,1988,274,10,,,,0,0,0,0,0,0,mature
danny mccoin,1988,281,11,,,,0,0,0,0,0,0,mature
danny mcmanus,1988,282,11,,,,0,0,0,0,0,0,mature
david weber,1988,283,11,,,,0,0,0,0,0,0,mature
steve slayden,1988,328,12,,,,0,0,0,0,0,0,mature
troy aikman,1989,1,1,96.0,96.0,165.0,12,6,0,1,1,1,mature
mike elkins,1989,32,2,0.0,0.0,1.0,0,0,0,0,0,0,mature
billy joe tolliver,1989,51,2,24.0,10.0,79.0,3,0,0,0,0,0,mature
anthony dilweg,1989,74,3,4.0,4.0,10.0,0,0,0,0,0,0,mature
erik wilhelm,1989,83,3,3.0,3.0,22.0,0,0,0,0,0,0,mature
jeff graham,1989,87,4,,,,0,0,0,0,0,0,mature
jeff carlson,1989,102,4,2.0,,7.0,0,0,0,0,0,0,mature
jeff francis,1989,140,6,0.0,,1.0,0,0,0,0,0,0,mature
rodney peete,1989,141,6,46.0,32.0,104.0,7,0,0,1,1,1,mature
brent snyder,1989,192,7,,,,0,0,0,0,0,0,mature
terrence jones,1989,195,7,,,,0,0,0,0,0,0,mature
paul singer,1989,202,8,,,,0,0,0,0,0,0,mature
bob jean,1989,278,10,,,,0,0,0,0,0,0,mature
wayne johnson,1989,296,11,,,,0,0,0,0,0,0,mature
steve taylor,1989,323,12,,,,0,0,0,0,0,0,mature
chuck hartlieb,1989,325,12,,,,0,0,0,0,0,0,mature
jeff george,1990,1,1,66.0,16.0,131.0,9,0,0,1,1,1,mature
andre ware,1990,7,1,5.0,5.0,14.0,0,0,0,0,0,0,mature
tom hodson,1990,59,3,4.0,4.0,36.0,0,0,0,0,0,0,mature
peter tom willis,1990,63,3,4.0,4.0,21.0,0,0,0,0,0,0,mature
neil odonnell,1990,70,3,60.0,40.0,125.0,7,1,0,1,1,1,mature
troy taylor,1990,84,4,0.0,0.0,7.0,0,0,0,0,0,0,mature
cary conklin,1990,86,4,1.0,1.0,7.0,0,0,0,0,0,0,mature
scott mitchell,1990,93,4,49.0,6.0,99.0,5,0,0,1,1,1,mature
craig kupp,1990,135,5,0.0,,1.0,0,0,0,0,0,0,mature
john friesz,1990,138,6,26.0,14.0,69.0,1,0,0,0,0,1,mature
mike buck,1990,156,6,2.0,1.0,12.0,0,0,0,0,0,0,mature
gerry gdowski,1990,207,8,,,,0,0,0,0,0,0,mature
kirk baumgartner,1990,242,9,,,,0,0,0,0,0,0,mature
todd ellis,1990,247,9,,,,0,0,0,0,0,0,mature
clemente gordon,1990,296,11,,,,0,0,0,0,0,0,mature
todd hammel,1990,307,12,,,,0,0,0,0,0,0,mature
gene benhart,1990,311,12,,,,0,0,0,0,0,0,mature
john gromos,1990,312,12,,,,0,0,0,0,0,0,mature
major harris,1990,317,12,,,,0,0,0,0,0,0,mature
reggie slack,1990,321,12,,,,0,0,0,0,0,0,mature
dan mcgwire,1991,16,1,2.0,2.0,13.0,0,0,0,0,0,0,mature
todd marinovich,1991,24,1,3.0,3.0,8.0,0,0,0,0,0,0,mature
brett favre,1991,33,2,158.0,0.0,302.0,19,11,3,1,1,1,mature
browning nagle,1991,34,2,5.0,5.0,24.0,1,0,0,0,0,0,mature
scott zolak,1991,84,4,4.0,4.0,55.0,0,0,0,0,0,0,mature
donald hollas,1991,99,4,5.0,3.0,32.0,0,0,0,0,0,0,mature
bill musgrave,1991,106,4,1.0,,12.0,0,0,0,0,0,0,mature
craig erickson,1991,131,5,21.0,,52.0,2,0,0,0,0,0,mature
paul justin,1991,190,7,8.0,,34.0,0,0,0,0,0,0,mature
pat ohara,1991,260,10,,,,0,0,0,0,0,0,mature
shawn moore,1991,284,11,1.0,1.0,3.0,0,0,0,0,0,0,mature
jeff bridewell,1991,309,12,,,,0,0,0,0,0,0,mature
larry wanke,1991,334,12,,,,0,0,0,0,0,0,mature
david klingler,1992,6,1,11.0,10.0,33.0,1,0,0,0,0,0,mature
tommy maddox,1992,25,1,24.0,2.0,92.0,2,0,0,0,0,0,mature
matt blundin,1992,40,2,0.0,0.0,3.0,0,0,0,0,0,0,mature
tony sacca,1992,46,2,0.0,0.0,2.0,0,0,0,0,0,0,mature
craig erickson,1992,86,4,21.0,17.0,52.0,2,0,0,0,0,0,mature
casey weldon,1992,102,4,1.0,,26.0,0,0,0,0,0,0,mature
will furrer,1992,107,4,1.0,0.0,9.0,0,0,0,0,0,0,mature
chris hakel,1992,112,4,,,,0,0,0,0,0,0,mature
jeff blake,1992,166,6,69.0,0.0,119.0,8,1,0,1,1,1,mature
ricky jones,1992,198,8,,,,0,0,0,0,0,0,mature
kent graham,1992,211,8,21.0,11.0,81.0,1,0,0,0,0,0,mature
bucky richardson,1992,220,8,3.0,3.0,16.0,0,0,0,0,0,0,mature
mike pawlawski,1992,222,8,,,,0,0,0,0,0,0,mature
brad johnson,1992,227,9,76.0,25.0,177.0,8,2,0,1,1,1,mature
tj rubley,1992,228,9,5.0,5.0,10.0,0,0,0,0,0,0,mature
ty detmer,1992,230,9,16.0,0.0,54.0,2,0,0,0,0,0,mature
darian hagan,1992,242,9,,,,0,0,0,0,0,0,mature
mark barsotti,1992,296,11,,,,0,0,0,0,0,0,mature
keithen mccant,1992,316,12,,,,0,0,0,0,0,0,mature
cornelius benton,1992,318,12,,,,0,0,0,0,0,0,mature
matt rodgers,1992,335,12,,,,0,0,0,0,0,0,mature
drew bledsoe,1993,1,1,105.0,74.0,194.0,12,4,0,1,1,1,mature
rick mirer,1993,2,1,33.0,28.0,80.0,5,0,0,1,1,1,mature
billy joe hobert,1993,58,3,7.0,3.0,29.0,0,0,0,0,0,0,mature
mark brunell,1993,118,5,96.0,0.0,193.0,11,3,0,1,1,1,mature
gino torretta,1993,192,7,0.0,0.0,2.0,0,0,0,0,0,0,mature
alex van pelt,1993,216,8,7.0,,31.0,0,0,0,0,0,0,mature
elvis grbac,1993,219,8,48.0,8.0,105.0,4,1,0,1,1,1,mature
trent green,1993,222,8,94.0,,120.0,7,2,0,1,1,1,mature
heath shuler,1994,3,1,6.0,7.0,29.0,2,0,0,0,0,0,mature
trent dilfer,1994,6,1,51.0,39.0,130.0,7,1,0,1,1,1,mature
perry klein,1994,111,4,0.0,0.0,2.0,0,0,0,0,0,0,mature
doug nussmeier,1994,116,4,2.0,2.0,5.0,0,0,0,0,0,0,mature
jim miller,1994,178,6,16.0,1.0,37.0,2,0,0,0,0,0,mature
gus frerotte,1994,197,7,57.0,31.0,147.0,5,1,0,1,1,1,mature
jay walker,1994,198,7,0.0,,1.0,0,0,0,0,0,0,mature
steve matthews,1994,199,7,1.0,,3.0,0,0,0,0,0,0,mature
glenn foley,1994,208,7,8.0,7.0,21.0,0,0,0,0,0,0,mature
steve mcnair,1995,3,1,99.0,93.0,161.0,10,3,0,1,1,1,mature
kerry collins,1995,5,1,83.0,14.0,198.0,11,2,0,1,1,1,mature
todd collins,1995,45,2,11.0,9.0,49.0,1,0,0,0,0,0,mature
kordell stewart,1995,60,2,60.0,58.0,125.0,6,1,0,1,1,1,mature
stoney case,1995,80,3,4.0,1.0,20.0,0,0,0,0,0,0,mature
eric zeier,1995,84,3,5.0,-2.0,28.0,0,0,0,0,0,0,mature
rob johnson,1995,99,4,21.0,2.0,48.0,2,0,0,0,0,0,mature
chad may,1995,111,4,,,,0,0,0,0,0,0,mature
dave barr,1995,119,4,0.0,,2.0,0,0,0,0,0,0,mature
steve stenstrom,1995,134,4,6.0,,17.0,0,0,0,0,0,0,mature
jay barker,1995,160,5,,,,0,0,0,0,0,0,mature
jerry colquitt,1995,191,6,,,,0,0,0,0,0,0,mature
craig whelihan,1995,197,6,1.0,1.0,19.0,1,0,0,0,0,0,mature
john walsh,1995,213,7,,,,0,0,0,0,0,0,mature
tony banks,1996,42,2,43.0,25.0,96.0,5,0,0,1,1,1,mature
bobby hoying,1996,85,3,3.0,3.0,22.0,1,0,0,0,0,0,mature
jeff lewis,1996,100,4,2.0,1.0,12.0,0,0,0,0,0,0,mature
danny kanell,1996,130,4,14.0,9.0,43.0,2,0,0,0,0,0,mature
spence fischer,1996,203,6,,,,0,0,0,0,0,0,mature
mike cawley,1996,205,6,,,,0,0,0,0,0,0,mature
jon stark,1996,238,7,,,,0,0,0,0,0,0,mature
kyle wachholtz,1996,240,7,,,,0,0,0,0,0,0,mature
jim druckenmiller,1997,26,1,1.0,1.0,6.0,0,0,0,0,0,0,mature
jake plummer,1997,42,2,77.0,37.0,143.0,10,1,0,1,1,1,mature
danny wuerffel,1997,99,4,6.0,4.0,25.0,0,0,0,0,0,0,mature
pat barnes,1997,110,4,0.0,,1.0,0,0,0,0,0,0,mature
mike cherry,1997,171,6,0.0,0.0,2.0,0,0,0,0,0,0,mature
chuck clements,1997,191,6,0.0,0.0,1.0,0,0,0,0,0,0,mature
tony graziani,1997,204,7,3.0,3.0,18.0,0,0,0,0,0,0,mature
koy detmer,1997,207,7,4.0,4.0,103.0,0,0,0,0,0,0,mature
wally richardson,1997,234,7,0.0,0.0,1.0,0,0,0,0,0,0,mature
tony corbin,1997,237,7,,,,0,0,0,0,0,0,mature
ron mcada,1997,240,7,,,,0,0,0,0,0,0,mature
peyton manning,1998,1,1,176.0,147.0,266.0,17,14,7,1,1,1,mature
ryan leaf,1998,2,1,1.0,0.0,25.0,1,0,0,0,0,0,mature
charlie batch,1998,60,2,34.0,29.0,81.0,4,0,0,1,1,1,mature
jonathan quinn,1998,86,3,4.0,3.0,17.0,0,0,0,0,0,0,mature
brian griese,1998,91,3,54.0,41.0,93.0,5,1,0,1,1,1,mature
john dutton,1998,172,6,,,,0,0,0,0,0,0,mature
matt hasselbeck,1998,187,6,87.0,0.0,209.0,11,3,0,1,1,1,mature
moses moreno,1998,232,7,1.0,0.0,9.0,0,0,0,0,0,0,mature
tim couch,1999,1,1,30.0,30.0,62.0,3,0,0,1,1,1,mature
donovan mcnabb,1999,2,1,107.0,101.0,167.0,11,6,0,1,1,1,mature
akili smith,1999,3,1,2.0,2.0,22.0,1,0,0,0,0,0,mature
daunte culpepper,1999,11,1,86.0,80.0,105.0,5,3,0,1,1,1,mature
cade mcnown,1999,12,1,8.0,8.0,25.0,1,0,0,0,0,0,mature
shaun king,1999,50,2,19.0,18.0,34.0,1,0,0,0,0,0,mature
brock huard,1999,77,3,2.0,2.0,8.0,0,0,0,0,0,0,mature
joe germaine,1999,101,4,1.0,1.0,3.0,0,0,0,0,0,0,mature
aaron brooks,1999,131,4,66.0,,93.0,5,0,0,1,1,1,mature
kevin daft,1999,151,5,,,,0,0,0,0,0,0,mature
michael bishop,1999,227,7,0.0,0.0,8.0,0,0,0,0,0,0,mature
chris greisen,1999,239,7,0.0,0.0,5.0,0,0,0,0,0,0,mature
scott covington,1999,245,7,0.0,0.0,4.0,0,0,0,0,0,0,mature
chad pennington,2000,18,1,55.0,41.0,89.0,5,0,0,1,1,1,mature
giovanni carmazzi,2000,65,3,,,,0,0,0,0,0,0,mature
chris redman,2000,75,3,9.0,3.0,30.0,0,0,0,0,0,0,mature
tee martin,2000,163,5,0.0,0.0,3.0,0,0,0,0,0,0,mature
marc bulger,2000,168,6,57.0,,96.0,8,2,0,1,1,1,mature
spergon wynn,2000,183,6,2.0,0.0,10.0,0,0,0,0,0,0,mature
tom brady,2000,199,6,184.0,168.0,335.0,21,15,3,1,1,1,mature
todd husak,2000,202,6,0.0,0.0,1.0,0,0,0,0,0,0,mature
jajuan seider,2000,205,6,,,,0,0,0,0,0,0,mature
tim rattay,2000,212,7,12.0,10.0,40.0,1,0,0,0,0,0,mature
jarious jackson,2000,214,7,0.0,0.0,5.0,0,0,0,0,0,0,mature
joe hamilton,2000,234,7,0.0,0.0,1.0,0,0,0,0,0,0,mature
michael vick,2001,1,1,92.0,60.0,143.0,7,4,0,1,1,1,mature
drew brees,2001,32,2,167.0,27.0,287.0,19,13,1,1,1,1,mature
quincy carter,2001,53,2,16.0,15.0,38.0,2,0,0,0,0,0,mature
marques tuiasosopo,2001,59,2,1.0,1.0,13.0,0,0,0,0,0,0,mature
chris weinke,2001,106,4,9.0,9.0,29.0,1,0,0,0,0,0,mature
sage rosenfels,2001,109,4,13.0,,44.0,0,0,0,0,0,0,mature
jesse palmer,2001,125,4,1.0,1.0,8.0,0,0,0,0,0,0,mature
mike mcmahon,2001,149,5,6.0,5.0,29.0,0,0,0,0,0,0,mature
aj feeley,2001,155,5,7.0,6.0,28.0,1,0,0,0,0,0,mature
josh booty,2001,172,6,,,,0,0,0,0,0,0,mature
josh heupel,2001,177,6,,,,0,0,0,0,0,0,mature
david carr,2002,1,1,45.0,42.0,94.0,5,0,0,1,1,1,mature
joey harrington,2002,3,1,31.0,23.0,81.0,6,0,0,1,1,0,mature
patrick ramsey,2002,32,1,14.0,13.0,37.0,1,0,0,0,0,0,mature
josh mccown,2002,81,3,40.0,13.0,102.0,5,0,0,1,1,1,mature
david garrard,2002,108,4,62.0,62.0,86.0,5,1,0,1,1,1,mature
rohan davey,2002,117,4,0.0,0.0,7.0,0,0,0,0,0,0,mature
randy fasani,2002,137,5,1.0,1.0,4.0,0,0,0,0,0,0,mature
kurt kittner,2002,158,5,1.0,1.0,7.0,0,0,0,0,0,0,mature
brandon doman,2002,163,5,,,,0,0,0,0,0,0,mature
craig nall,2002,164,5,1.0,1.0,7.0,0,0,0,0,0,0,mature
jt osullivan,2002,186,6,6.0,,17.0,0,0,0,0,0,0,mature
steve bellisari,2002,205,6,,,,0,0,0,0,0,0,mature
seth burford,2002,216,7,,,,0,0,0,0,0,0,mature
jeff kelly,2002,232,7,,,,0,0,0,0,0,0,mature
wes pate,2002,236,7,,,,0,0,0,0,0,0,mature
carson palmer,2003,1,1,107.0,60.0,182.0,12,3,0,1,1,1,mature
byron leftwich,2003,7,1,33.0,30.0,60.0,3,0,0,1,1,0,mature
kyle boller,2003,19,1,16.0,17.0,67.0,4,0,0,0,0,0,mature
rex grossman,2003,22,1,23.0,16.0,54.0,3,0,0,0,0,0,mature
dave ragone,2003,88,3,1.0,1.0,2.0,0,0,0,0,0,0,mature
chris simms,2003,97,3,8.0,8.0,23.0,1,0,0,0,0,0,mature
seneca wallace,2003,110,4,14.0,11.0,64.0,1,0,0,0,0,0,mature
brian st pierre,2003,163,5,0.0,0.0,3.0,0,0,0,0,0,0,mature
drew henson,2003,192,6,0.0,,9.0,0,0,0,0,0,0,mature
brooks bollinger,2003,200,6,6.0,5.0,21.0,1,0,0,0,0,0,mature
kliff kingsbury,2003,201,6,0.0,,1.0,0,0,0,0,0,0,mature
gibran hamdan,2003,232,7,0.0,0.0,1.0,0,0,0,0,0,0,mature
ken dorsey,2003,241,7,2.0,1.0,16.0,0,0,0,0,0,0,mature
eli manning,2004,1,1,121.0,,236.0,14,4,0,1,1,1,mature
philip rivers,2004,4,1,150.0,,247.0,15,8,0,1,1,1,mature
ben roethlisberger,2004,11,1,131.0,131.0,249.0,17,6,0,1,1,1,mature
jp losman,2004,22,1,19.0,19.0,45.0,1,0,0,0,0,0,mature
matt schaub,2004,90,3,68.0,4.0,155.0,7,2,0,1,1,1,mature
luke mccown,2004,106,4,8.0,2.0,62.0,0,0,0,0,0,0,mature
craig krenzel,2004,148,5,1.0,1.0,6.0,0,0,0,0,0,0,mature
andy hall,2004,185,6,,,,0,0,0,0,0,0,mature
josh harris,2004,187,6,,,,0,0,0,0,0,0,mature
jim sorgi,2004,193,6,5.0,5.0,16.0,0,0,0,0,0,0,mature
jeff smoker,2004,201,6,,,,0,0,0,0,0,0,mature
john navarre,2004,202,7,0.0,0.0,2.0,0,0,0,0,0,0,mature
cody pickett,2004,217,7,1.0,1.0,6.0,0,0,0,0,0,0,mature
casey bramlet,2004,218,7,,,,0,0,0,0,0,0,mature
matt mauck,2004,225,7,1.0,,2.0,0,0,0,0,0,0,mature
bj symons,2004,248,7,,,,0,0,0,0,0,0,mature
bradlee van pelt,2004,250,7,0.0,0.0,3.0,0,0,0,0,0,0,mature
alex smith,2005,1,1,98.0,28.0,174.0,14,3,0,1,1,1,mature
aaron rodgers,2005,24,1,169.0,161.0,264.0,16,10,4,1,1,1,mature
jason campbell,2005,25,1,48.0,34.0,90.0,5,0,0,1,1,1,mature
charlie frye,2005,67,3,8.0,7.0,26.0,1,0,0,0,0,0,mature
andrew walter,2005,69,3,1.0,1.0,15.0,1,0,0,0,0,0,mature
david greene,2005,85,3,,,,0,0,0,0,0,0,mature
kyle orton,2005,106,4,40.0,10.0,87.0,5,0,0,1,1,1,mature
stefan lefors,2005,121,4,,,,0,0,0,0,0,0,mature
dan orlovsky,2005,145,5,7.0,5.0,26.0,1,0,0,0,0,0,mature
adrian mcpherson,2005,152,5,,,,0,0,0,0,0,0,mature
derek anderson,2005,213,6,23.0,,78.0,3,1,0,0,0,0,mature
james kilian,2005,229,7,,,,0,0,0,0,0,0,mature
matt cassel,2005,230,7,47.0,18.0,107.0,6,1,0,1,1,1,mature
ryan fitzpatrick,2005,250,7,78.0,1.0,166.0,10,0,0,1,1,1,mature
vince young,2006,3,1,33.0,31.0,60.0,4,2,0,1,1,0,mature
matt leinart,2006,10,1,12.0,12.0,33.0,1,0,0,0,0,0,mature
jay cutler,2006,11,1,86.0,28.0,153.0,10,1,0,1,1,1,mature
kellen clemens,2006,49,2,10.0,3.0,64.0,2,0,0,0,0,0,mature
tarvaris jackson,2006,64,2,22.0,13.0,59.0,2,0,0,0,0,0,mature
charlie whitehurst,2006,81,3,7.0,0.0,25.0,0,0,0,0,0,0,mature
brodie croyle,2006,85,3,2.0,2.0,18.0,0,0,0,0,0,0,mature
brad smith,2006,103,4,17.0,12.0,125.0,1,0,0,0,0,0,mature
ingle martin,2006,148,5,0.0,0.0,1.0,0,0,0,0,0,0,mature
omar jacobs,2006,164,5,,,,0,0,0,0,0,0,mature
reggie mcneal,2006,193,6,0.0,0.0,7.0,0,0,0,0,0,0,mature
bruce gradkowski,2006,194,6,8.0,3.0,37.0,1,0,0,0,0,0,mature
dj shockley,2006,223,7,,,,0,0,0,0,0,0,mature
jamarcus russell,2007,1,1,6.0,6.0,31.0,2,0,0,0,0,0,mature
brady quinn,2007,22,1,2.0,3.0,24.0,1,0,0,0,0,0,mature
kevin kolb,2007,36,2,12.0,5.0,34.0,1,0,0,0,0,0,mature
john beck,2007,40,2,4.0,2.0,9.0,0,0,0,0,0,0,mature
drew stanton,2007,43,2,10.0,4.0,38.0,1,0,0,0,0,0,mature
trent edwards,2007,92,3,16.0,15.0,38.0,2,0,0,0,0,0,mature
isaiah stanback,2007,103,4,0.0,0.0,22.0,0,0,0,0,0,0,mature
jeff rowe,2007,151,5,,,,0,0,0,0,0,0,mature
troy smith,2007,174,5,6.0,2.0,20.0,0,0,0,0,0,0,mature
jordan palmer,2007,205,6,0.0,,5.0,0,0,0,0,0,0,mature
tyler thigpen,2007,217,7,10.0,,29.0,1,0,0,0,0,0,mature
matt ryan,2008,3,1,146.0,144.0,234.0,15,4,1,1,1,1,mature
joe flacco,2008,18,1,97.0,89.0,209.0,12,1,0,1,1,1,mature
brian brohm,2008,56,2,0.0,,3.0,0,0,0,0,0,0,mature
chad henne,2008,57,2,26.0,16.0,78.0,3,0,0,0,0,0,mature
kevin oconnell,2008,94,3,0.0,0.0,2.0,0,0,0,0,0,0,mature
john david booty,2008,137,5,,,,0,0,0,0,0,0,mature
dennis dixon,2008,156,5,2.0,2.0,4.0,0,0,0,0,0,0,mature
josh johnson,2008,160,5,9.0,3.0,50.0,0,0,0,0,0,0,mature
erik ainge,2008,162,5,,,,0,0,0,0,0,0,mature
colt brennan,2008,186,6,,,,0,0,0,0,0,0,mature
andre woodson,2008,198,6,,,,0,0,0,0,0,0,mature
matt flynn,2008,209,7,8.0,7.0,51.0,0,0,0,0,0,0,mature
alex brink,2008,223,7,,,,0,0,0,0,0,0,mature
matthew stafford,2009,1,1,133.0,91.0,239.0,16,3,1,1,1,1,mature
mark sanchez,2009,5,1,32.0,26.0,79.0,4,0,0,1,1,0,mature
josh freeman,2009,17,1,37.0,36.0,62.0,4,0,0,1,1,1,mature
pat white,2009,44,2,1.0,1.0,13.0,0,0,0,0,0,0,mature
stephen mcgee,2009,101,4,2.0,2.0,3.0,0,0,0,0,0,0,mature
rhett bomar,2009,151,5,,,,0,0,0,0,0,0,mature
nate davis,2009,171,5,,,,0,0,0,0,0,0,mature
tom brandstater,2009,174,6,0.0,,1.0,0,0,0,0,0,0,mature
mike teel,2009,178,6,,,,0,0,0,0,0,0,mature
keith null,2009,196,6,1.0,1.0,4.0,0,0,0,0,0,0,mature
curtis painter,2009,201,6,2.0,2.0,14.0,1,0,0,0,0,0,mature
sam bradford,2010,1,1,44.0,25.0,83.0,5,0,0,1,1,1,mature
tim tebow,2010,25,1,12.0,11.0,35.0,1,0,0,0,0,0,mature
jimmy clausen,2010,48,2,3.0,0.0,21.0,1,0,0,0,0,0,mature
colt mccoy,2010,85,3,17.0,9.0,56.0,2,0,0,0,0,0,mature
mike kafka,2010,122,4,0.0,0.0,4.0,0,0,0,0,0,0,mature
john skelton,2010,155,5,4.0,4.0,20.0,1,0,0,0,0,0,mature
jonathan crompton,2010,168,5,,,,0,0,0,0,0,0,mature
rusty smith,2010,176,6,1.0,1.0,3.0,0,0,0,0,0,0,mature
dan lefevour,2010,181,6,,,,0,0,0,0,0,0,mature
tony pike,2010,204,6,0.0,0.0,1.0,0,0,0,0,0,0,mature
levi brown,2010,209,7,0.0,0.0,1.0,0,0,0,0,0,0,mature
sean canfield,2010,239,7,,,,0,0,0,0,0,0,mature
zac robinson,2010,250,7,,,,0,0,0,0,0,0,mature
cam newton,2011,1,1,115.0,107.0,148.0,9,3,1,1,1,1,mature
jake locker,2011,8,1,15.0,15.0,30.0,1,0,0,0,0,0,mature
blaine gabbert,2011,10,1,17.0,7.0,69.0,2,0,0,0,0,0,mature
christian ponder,2011,12,1,22.0,22.0,38.0,3,0,0,0,0,0,mature
andy dalton,2011,35,2,92.0,82.0,179.0,11,3,0,1,1,1,mature
colin kaepernick,2011,36,2,45.0,45.0,69.0,4,0,0,1,1,1,mature
ryan mallett,2011,74,3,4.0,0.0,21.0,0,0,0,0,0,0,mature
ricky stanzi,2011,135,5,,,,0,0,0,0,0,0,mature
tj yates,2011,152,5,6.0,6.0,22.0,0,0,0,0,0,0,mature
nathan enderle,2011,160,5,,,,0,0,0,0,0,0,mature
tyrod taylor,2011,180,6,50.0,1.0,100.0,3,1,0,1,1,1,mature
greg mcelroy,2011,208,7,1.0,1.0,2.0,0,0,0,0,0,0,mature
andrew luck,2012,1,1,72.0,72.0,86.0,5,4,0,1,1,1,mature
robert griffin,2012,2,1,36.0,31.0,56.0,3,1,0,1,1,1,mature
ryan tannehill,2012,8,1,91.0,47.0,155.0,10,1,0,1,1,1,mature
brandon weeden,2012,22,1,13.0,10.0,35.0,1,0,0,0,0,0,mature
brock osweiler,2012,57,2,14.0,7.0,49.0,1,0,0,0,0,0,mature
russell wilson,2012,75,3,140.0,125.0,205.0,12,10,0,1,1,1,mature
nick foles,2012,88,3,32.0,24.0,71.0,3,1,0,1,1,1,mature
kirk cousins,2012,102,4,102.0,34.0,174.0,9,4,0,1,1,1,mature
ryan lindley,2012,185,6,-4.0,-4.0,10.0,0,0,0,0,0,0,mature
bj coleman,2012,243,7,,,,0,0,0,0,0,0,mature
chandler harnish,2012,253,7,,,,0,0,0,0,0,0,mature
ej manuel,2013,16,1,10.0,10.0,30.0,1,0,0,0,0,0,mature
geno smith,2013,39,2,57.0,12.0,109.0,6,2,0,1,1,1,mature
mike glennon,2013,73,3,9.0,11.0,40.0,1,0,0,0,0,0,mature
matt barkley,2013,98,4,5.0,1.0,20.0,1,0,0,0,0,0,mature
ryan nassib,2013,110,4,0.0,0.0,5.0,0,0,0,0,0,0,mature
tyler wilson,2013,112,4,,,,0,0,0,0,0,0,mature
landry jones,2013,115,4,4.0,4.0,18.0,0,0,0,0,0,0,mature
brad sorensen,2013,221,7,,,,0,0,0,0,0,0,mature
zac dysert,2013,234,7,,,,0,0,0,0,0,0,mature
bj daniels,2013,237,7,0.0,,8.0,0,0,0,0,0,0,mature
sean renfree,2013,249,7,0.0,0.0,2.0,0,0,0,0,0,0,mature
blake bortles,2014,3,1,44.0,44.0,78.0,5,0,0,1,1,1,mature
johnny manziel,2014,22,1,4.0,4.0,14.0,0,0,0,0,0,0,mature
teddy bridgewater,2014,32,1,49.0,22.0,83.0,4,1,0,1,1,1,mature
derek carr,2014,36,2,93.0,80.0,169.0,11,4,0,1,1,1,mature
jimmy garoppolo,2014,62,2,47.0,2.0,85.0,3,0,0,1,1,1,mature
logan thomas,2014,120,4,15.0,0.0,94.0,3,0,0,0,0,0,mature
tom savage,2014,135,4,3.0,3.0,13.0,1,0,0,0,0,0,mature
aaron murray,2014,163,5,,,,0,0,0,0,0,0,mature
aj mccarron,2014,164,5,4.0,3.0,19.0,0,0,0,0,0,0,mature
zach mettenberger,2014,178,6,1.0,1.0,14.0,1,0,0,0,0,0,mature
david fales,2014,183,6,1.0,0.0,5.0,0,0,0,0,0,0,mature
keith wenning,2014,194,6,,,,0,0,0,0,0,0,mature
tajh boyd,2014,213,6,,,,0,0,0,0,0,0,mature
garrett gilbert,2014,214,6,2.0,,8.0,0,0,0,0,0,0,mature
jameis winston,2015,1,1,63.0,54.0,108.0,5,1,0,1,1,1,mature
marcus mariota,2015,2,1,60.0,43.0,104.0,5,0,0,1,1,1,mature
garrett grayson,2015,75,3,,,,0,0,0,0,0,0,mature
sean mannion,2015,89,3,2.0,1.0,14.0,0,0,0,0,0,0,mature
bryce petty,2015,103,4,4.0,4.0,10.0,0,0,0,0,0,0,mature
brett hundley,2015,147,5,5.0,5.0,18.0,1,0,0,0,0,0,mature
trevor siemian,2015,250,7,16.0,13.0,40.0,2,0,0,0,0,0,mature
jared goff,2016,1,1,106.0,44.0,151.0,9,5,0,1,1,1,mature
carson wentz,2016,2,1,63.0,43.0,103.0,6,1,0,1,1,1,mature
paxton lynch,2016,26,1,2.0,2.0,5.0,0,0,0,0,0,0,mature
christian hackenberg,2016,51,2,,,,0,0,0,0,0,0,mature
jacoby brissett,2016,91,3,42.0,2.0,101.0,4,0,0,1,1,1,mature
cody kessler,2016,93,3,5.0,3.0,17.0,1,0,0,0,0,0,mature
connor cook,2016,100,4,0.0,0.0,1.0,0,0,0,0,0,0,mature
dak prescott,2016,135,4,104.0,104.0,139.0,9,4,0,1,1,1,mature
cardale jones,2016,139,4,0.0,0.0,1.0,0,0,0,0,0,0,mature
kevin hogan,2016,162,5,2.0,,9.0,0,0,0,0,0,0,mature
nate sudfeld,2016,187,6,1.0,,6.0,0,0,0,0,0,0,mature
jake rudock,2016,191,6,0.0,0.0,3.0,0,0,0,0,0,0,mature
brandon allen,2016,201,6,5.0,,19.0,0,0,0,0,0,0,mature
jeff driskel,2016,207,6,7.0,,25.0,0,0,0,0,0,0,mature
brandon doughty,2016,223,7,,,,0,0,0,0,0,0,mature
mitchell trubisky,2017,2,1,40.0,34.0,82.0,4,1,0,1,1,1,mature
patrick mahomes,2017,10,1,115.0,115.0,126.0,8,6,2,1,1,1,mature
deshaun watson,2017,12,1,58.0,52.0,73.0,4,3,0,1,1,1,mature
deshone kizer,2017,52,2,6.0,5.0,18.0,1,0,0,0,0,0,mature
davis webb,2017,87,3,1.0,1.0,2.0,0,0,0,0,0,0,mature
cj beathard,2017,104,3,9.0,8.0,32.0,0,0,0,0,0,0,mature
joshua dobbs,2017,135,4,9.0,0.0,27.0,0,0,0,0,0,0,mature
nathan peterman,2017,171,5,3.0,2.0,15.0,0,0,0,0,0,0,mature
brad kaaya,2017,215,6,,,,0,0,0,0,0,0,mature
chad kelly,2017,253,7,0.0,0.0,1.0,0,0,0,0,0,0,mature
baker mayfield,2018,1,1,80.0,35.0,123.0,7,2,0,1,1,1,mature
sam darnold,2018,3,1,49.0,14.0,100.0,6,2,0,1,1,1,mature
josh allen,2018,7,1,111.0,111.0,128.0,8,4,0,1,1,1,mature
josh rosen,2018,10,1,3.0,2.0,24.0,1,0,0,0,0,0,mature
lamar jackson,2018,32,1,110.0,110.0,116.0,7,4,3,1,1,1,mature
mason rudolph,2018,76,3,10.0,7.0,34.0,1,0,0,0,0,0,mature
kyle lauletta,2018,108,4,0.0,0.0,2.0,0,0,0,0,0,0,mature
mike white,2018,171,5,5.0,,15.0,0,0,0,0,0,0,mature
luke falk,2018,199,6,1.0,,3.0,0,0,0,0,0,0,mature
tanner lee,2018,203,6,,,,0,0,0,0,0,0,mature
danny etling,2018,219,7,,,,0,0,0,0,0,0,mature
alex mcgough,2018,220,7,,,,0,0,0,0,0,0,mature
logan woodside,2018,249,7,0.0,,13.0,0,0,0,0,0,0,mature
kyler murray,2019,1,1,71.0,71.0,87.0,5,2,0,1,1,1,mature
daniel jones,2019,6,1,52.0,40.0,83.0,6,0,0,1,1,1,mature
dwayne haskins,2019,15,1,4.0,4.0,16.0,0,0,0,0,0,0,mature
drew lock,2019,42,2,14.0,12.0,41.0,1,0,0,0,0,0,mature
will grier,2019,100,3,1.0,1.0,2.0,0,0,0,0,0,0,mature
ryan finley,2019,104,4,2.0,2.0,8.0,0,0,0,0,0,0,mature
jarrett stidham,2019,133,4,6.0,1.0,20.0,0,0,0,0,0,0,mature
easton stick,2019,166,5,4.0,4.0,6.0,0,0,0,0,0,0,mature
clayton thorson,2019,167,5,,,,0,0,0,0,0,0,mature
gardner minshew,2019,178,6,32.0,16.0,63.0,4,1,0,1,1,1,mature
trace mcsorley,2019,197,6,1.0,0.0,9.0,0,0,0,0,0,0,mature
joe burrow,2020,1,1,63.0,63.0,77.0,5,3,0,1,1,1,provisional
tua tagovailoa,2020,5,1,52.0,52.0,78.0,6,1,0,1,1,1,provisional
justin herbert,2020,6,1,74.0,74.0,95.0,6,2,0,1,1,1,provisional
jordan love,2020,26,1,42.0,42.0,57.0,3,0,0,1,1,1,provisional
jalen hurts,2020,53,2,79.0,79.0,93.0,5,3,0,1,1,1,provisional
jacob eason,2020,122,4,0.0,0.0,2.0,0,0,0,0,0,0,provisional
james morgan,2020,125,4,,,,0,0,0,0,0,0,provisional
jake fromm,2020,167,5,1.0,,3.0,0,0,0,0,0,0,provisional
jake luton,2020,189,6,2.0,2.0,3.0,0,0,0,0,0,0,provisional
cole mcdonald,2020,224,7,,,,0,0,0,0,0,0,provisional
ben dinucci,2020,231,7,1.0,1.0,3.0,0,0,0,0,0,0,provisional
tommy stevens,2020,240,7,0.0,,1.0,0,0,0,0,0,0,provisional
nate stanley,2020,244,7,,,,0,0,0,0,0,0,provisional
trevor lawrence,2021,1,1,52.0,52.0,77.0,5,1,0,1,1,1,provisional
zach wilson,2021,2,1,13.0,13.0,38.0,3,0,0,0,0,0,provisional
trey lance,2021,3,1,6.0,4.0,16.0,0,0,0,0,0,0,provisional
justin fields,2021,11,1,44.0,34.0,59.0,4,0,0,1,1,1,provisional
mac jones,2021,15,1,34.0,24.0,63.0,3,1,0,1,1,1,provisional
kyle trask,2021,64,2,0.0,0.0,7.0,0,0,0,0,0,0,provisional
kellen mond,2021,66,3,0.0,0.0,1.0,0,0,0,0,0,0,provisional
davis mills,2021,67,3,17.0,17.0,44.0,2,0,0,0,0,0,provisional
ian book,2021,133,4,0.0,0.0,1.0,0,0,0,0,0,0,provisional
sam ehlinger,2021,218,6,2.0,2.0,8.0,0,0,0,0,0,0,provisional
kenny pickett,2022,20,1,14.0,13.0,36.0,2,0,0,0,0,0,provisional
desmond ridder,2022,74,3,13.0,12.0,25.0,1,0,0,0,0,0,provisional
malik willis,2022,86,3,6.0,1.0,22.0,0,0,0,0,0,0,provisional
matt corral,2022,94,3,,,,0,0,0,0,0,0,provisional
bailey zappe,2022,137,4,2.0,2.0,15.0,0,0,0,0,0,0,provisional
sam howell,2022,144,5,12.0,12.0,20.0,1,0,0,0,0,0,provisional
chris oladokun,2022,241,7,1.0,,4.0,0,0,0,0,0,0,provisional
skylar thompson,2022,247,7,3.0,3.0,10.0,0,0,0,0,0,0,provisional
brock purdy,2022,262,7,44.0,44.0,49.0,3,1,0,1,1,1,provisional
bryce young,2023,1,1,23.0,23.0,46.0,2,0,0,0,0,0,immature
cj stroud,2023,2,1,33.0,33.0,46.0,3,1,0,1,1,1,immature
anthony richardson,2023,4,1,9.0,9.0,17.0,1,0,0,0,0,0,immature
will levis,2023,33,2,11.0,11.0,21.0,2,0,0,0,0,0,immature
hendon hooker,2023,68,3,0.0,0.0,3.0,0,0,0,0,0,0,immature
jake haener,2023,127,4,1.0,1.0,8.0,0,0,0,0,0,0,immature
stetson bennett,2023,128,4,,,,0,0,0,0,0,0,immature
aidan oconnell,2023,135,4,10.0,10.0,21.0,1,0,0,0,0,0,immature
clayton tune,2023,139,5,0.0,0.0,15.0,0,0,0,0,0,0,immature
dorian thompson-robinson,2023,140,5,2.0,2.0,15.0,0,0,0,0,0,0,immature
sean clifford,2023,149,5,0.0,0.0,2.0,0,0,0,0,0,0,immature
jaren hall,2023,164,5,1.0,1.0,3.0,0,0,0,0,0,0,immature
tanner mckee,2023,188,6,2.0,2.0,6.0,0,0,0,0,0,0,immature
max duggan,2023,239,7,,,,0,0,0,0,0,0,immature
caleb williams,2024,1,1,26.0,26.0,34.0,2,0,0,0,0,0,immature
jayden daniels,2024,2,1,26.0,26.0,24.0,1,1,0,0,0,0,immature
drake maye,2024,3,1,26.0,26.0,30.0,2,2,0,0,0,0,immature
michael penix,2024,8,1,8.0,8.0,14.0,1,0,0,0,0,0,immature
jj mccarthy,2024,10,1,4.0,4.0,10.0,1,0,0,0,0,0,immature
bo nix,2024,12,1,25.0,25.0,34.0,2,0,0,0,0,0,immature
spencer rattler,2024,150,5,6.0,6.0,16.0,0,0,0,0,0,0,immature
jordan travis,2024,171,5,,,,0,0,0,0,0,0,immature
joe milton,2024,193,6,2.0,1.0,5.0,0,0,0,0,0,0,immature
devin leary,2024,218,6,,,,0,0,0,0,0,0,immature
michael pratt,2024,245,7,,,,0,0,0,0,0,0,immature
cam ward,2025,1,1,7.0,7.0,17.0,1,0,0,0,0,0,immature
jaxson dart,2025,25,1,11.0,11.0,14.0,1,0,0,0,0,0,immature
tyler shough,2025,40,2,7.0,7.0,11.0,1,0,0,0,0,0,immature
jalen milroe,2025,92,3,0.0,0.0,3.0,0,0,0,0,0,0,immature
dillon gabriel,2025,94,3,0.0,0.0,10.0,0,0,0,0,0,0,immature
shedeur sanders,2025,144,5,2.0,2.0,8.0,0,1,0,0,0,0,immature
kyle mccord,2025,181,6,,,,0,0,0,0,0,0,immature
will howard,2025,185,6,,,,0,0,0,0,0,0,immature
riley leonard,2025,189,6,2.0,2.0,5.0,0,0,0,0,0,0,immature
graham mertz,2025,197,6,,,,0,0,0,0,0,0,immature
tommy mellott,2025,213,6,,,,0,0,0,0,0,0,immature
cam miller,2025,215,6,,,,0,0,0,0,0,0,immature
kurtis rourke,2025,227,7,,,,0,0,0,0,0,0,immature
quinn ewers,2025,231,7,2.0,2.0,4.0,0,0,0,0,0,0,immature
fernando mendoza,2026,1,1,,,,0,0,0,0,0,0,immature
ty simpson,2026,13,1,,,,0,0,0,0,0,0,immature
carson beck,2026,65,3,,,,0,0,0,0,0,0,immature
drew allar,2026,76,3,,,,0,0,0,0,0,0,immature
cade klubnik,2026,110,4,,,,0,0,0,0,0,0,immature
cole payton,2026,178,5,,,,0,0,0,0,0,0,immature
taylen green,2026,182,6,,,,0,0,0,0,0,0,immature
athan kaliakmanis,2026,223,7,,,,0,0,0,0,0,0,immature
behren morton,2026,234,7,,,,0,0,0,0,0,0,immature
garrett nussmeier,2026,249,7,,,,0,0,0,0,0,0,immature
